COUNTRY,ISO3,WHO_REGION,DATA_SOURCE,DATE_UPDATED,TOTAL_VACCINATIONS,PERSONS_VACCINATED_1PLUS_DOSE,TOTAL_VACCINATIONS_PER100,PERSONS_VACCINATED_1PLUS_DOSE_PER100,PERSONS_FULLY_VACCINATED,PERSONS_FULLY_VACCINATED_PER100,VACCINES_USED,FIRST_VACCINE_DATE,NUMBER_VACCINES_TYPES_USED,PERSONS_BOOSTER_ADD_DOSE,PERSONS_BOOSTER_ADD_DOSE_PER100
Afghanistan,AFG,EMRO,REPORTING,2022-06-27,6408475,1379203,16.462,3.543,730110,1.876,"AstraZeneca - Vaxzevria,Beijing CNBG - BBIBP-CorV,Bharat - Covaxin,CanSino - Convidecia,Gamaleya - Gam-Covid-Vac,Gamaleya - Sputnik-Light,Janssen - Ad26.COV 2-S,Moderna - Spikevax,Pfizer BioNTech - Comirnaty,SII - Covishield,Sinovac - CoronaVac",2021-02-22,11,,
Albania,ALB,EURO,REPORTING,2022-06-19,2898881,1325464,100.7,46.574,1247475,43.833,"AstraZeneca - Vaxzevria,Gamaleya - Gam-Covid-Vac,Pfizer BioNTech - Comirnaty,SII - Covishield,Sinovac - CoronaVac",2021-01-13,5,320852,11.274
Algeria,DZA,AFRO,REPORTING,2022-06-19,15205854,7840131,34.676,17.879,6481186,14.78,"Beijing CNBG - BBIBP-CorV,Gamaleya - Gam-Covid-Vac,SII - Covishield,Sinovac - CoronaVac",2021-01-30,4,514063,1.172
American Samoa,ASM,WPRO,REPORTING,2022-06-13,109458,44579,198.304,80.763,41150,74.551,"Janssen - Ad26.COV 2-S,Moderna - Spikevax,Pfizer BioNTech - Comirnaty",2020-12-21,3,23484,42.546
Andorra,AND,EURO,REPORTING,2022-06-12,153177,57883,198.2,75.985,53453,70.169,"AstraZeneca - Vaxzevria,Moderna - Spikevax,Pfizer BioNTech - Comirnaty",2021-01-20,3,41841,54.926
Angola,AGO,AFRO,REPORTING,2022-06-19,19565024,42756004,59.529,130.091,7060684,21.483,SII - Covishield,2021-03-10,1,681695,2.074
Anguilla,AIA,AMRO,REPORTING,2022-06-24,23926,10813,159.485,72.077,10183,67.878,"AstraZeneca - Vaxzevria,Pfizer BioNTech - Comirnaty",2021-02-05,2,2930,19.531
Antigua and Barbuda,ATG,AMRO,REPORTING,2022-06-24,135960,64091,138.835,65.446,62031,63.343,"AstraZeneca - Vaxzevria,Beijing CNBG - BBIBP-CorV,Gamaleya - Gam-Covid-Vac,Janssen - Ad26.COV 2-S,Pfizer BioNTech - Comirnaty,SII - Covishield",2021-03-01,6,9838,10.046
Argentina,ARG,AMRO,REPORTING,2022-06-17,104754263,41139501,231.779,91.025,37554191,83.092,"AstraZeneca - Vaxzevria,Beijing CNBG - BBIBP-CorV,CanSino - Convidecia,Gamaleya - Gam-Covid-Vac,Moderna - Spikevax,Pfizer BioNTech - Comirnaty,SII - Covishield",2020-12-29,7,26377171,58.362
Armenia,ARM,EURO,REPORTING,2022-05-22,4154865,1862332,140.2,95.856,2153199,72.664,"AstraZeneca - Vaxzevria,Beijing CNBG - BBIBP-CorV,Gamaleya - Gam-Covid-Vac,Gamaleya - Sputnik-Light,Moderna - Spikevax,Pfizer BioNTech - Comirnaty,Sinovac - CoronaVac,Wuhan CNBG - Inactivated",2021-06-16,8,163690,5.524
Aruba,ABW,AMRO,REPORTING,2022-06-24,171915,89140,161.02,83.491,82775,77.529,"Janssen - Ad26.COV 2-S,Pfizer BioNTech - Comirnaty",2021-02-17,2,,
Australia,AUS,WPRO,REPORTING,2022-06-15,59823298,22336215,234.602,87.593,21643147,84.875,"AstraZeneca - Vaxzevria,Janssen - Ad26.COV 2-S,Moderna - Spikevax,Novavax-NUVAXOVID,Pfizer BioNTech - Comirnaty",2021-02-21,5,13805639,54.14
Austria,AUT,EURO,REPORTING,2022-06-19,18401605,6830595,206.7,76.739,6622836,74.405,"AstraZeneca - Vaxzevria,Janssen - Ad26.COV 2-S,Moderna - Spikevax,Novavax-NUVAXOVID,Pfizer BioNTech - Comirnaty,Unknown Vaccine",2020-12-30,6,5299440,59.537
Azerbaijan,AZE,EURO,REPORTING,2022-06-19,13615556,5375898,134.3,53.021,4856099,47.894,"AstraZeneca - Vaxzevria,Gamaleya - Gam-Covid-Vac,Gamaleya - Sputnik-Light,Pfizer BioNTech - Comirnaty,Sinovac - CoronaVac",2021-01-20,5,3383561,33.371
Bahamas,BHS,AMRO,REPORTING,2022-06-24,340866,166471,86.681,42.333,157964,40.169,"AstraZeneca - Vaxzevria,Janssen - Ad26.COV 2-S,Pfizer BioNTech - Comirnaty,SII - Covishield",2021-03-14,4,27866,7.086
Bahrain,BHR,EMRO,REPORTING,2022-06-27,3452508,1238119,202.901,72.763,1222745,71.86,"AstraZeneca - Vaxzevria,Beijing CNBG - BBIBP-CorV,Bharat - Covaxin,CanSino - Convidecia,Gamaleya - Gam-Covid-Vac,Gamaleya - Sputnik-Light,Janssen - Ad26.COV 2-S,Moderna - Spikevax,Pfizer BioNTech - Comirnaty,SII - Covishield,Sinovac - CoronaVac",2020-11-04,11,991644,58.278
Bangladesh,BGD,SEARO,REPORTING,2022-06-15,274923522,128924938,166.935,78.284,118509035,71.959,"AstraZeneca - Vaxzevria,Beijing CNBG - BBIBP-CorV,Gamaleya - Gam-Covid-Vac,Janssen - Ad26.COV 2-S,Moderna - Spikevax,Pfizer BioNTech - Comirnaty,SII - Covishield,Sinovac - CoronaVac",2021-01-27,8,27489549,16.692
Barbados,BRB,AMRO,REPORTING,2022-06-24,372041,162475,129.462,56.538,153318,53.351,"AstraZeneca - Vaxzevria,Beijing CNBG - BBIBP-CorV,Janssen - Ad26.COV 2-S,Pfizer BioNTech - Comirnaty,SII - Covishield",2021-01-08,5,56248,19.573
Belarus,BLR,EURO,REPORTING,2022-06-19,13206203,6425755,139.8,68.002,6325490,66.941,"Beijing CNBG - BBIBP-CorV,Chumakov - Covi-Vac,Gamaleya - Gam-Covid-Vac,Gamaleya - Sputnik-Light",2021-02-03,4,756085,8.001
Belgium,BEL,EURO,REPORTING,2022-06-19,25582667,9237291,222,80.168,9140579,79.329,"AstraZeneca - Vaxzevria,Janssen - Ad26.COV 2-S,Moderna - Spikevax,Pfizer BioNTech - Comirnaty",2020-12-30,4,7165353,62.186
Belize,BLZ,AMRO,REPORTING,2022-06-24,489508,247975,123.107,62.364,213197,53.617,"AstraZeneca - Vaxzevria,Beijing CNBG - BBIBP-CorV,Janssen - Ad26.COV 2-S,Pfizer BioNTech - Comirnaty,SII - Covishield",2021-03-01,5,49729,12.506
Benin,BEN,AFRO,REPORTING,2022-06-19,3681560,3174135,30.368,26.182,2690085,22.19,"AstraZeneca - Vaxzevria,Janssen - Ad26.COV 2-S,Pfizer BioNTech - Comirnaty,SII - Covishield,Sinovac - CoronaVac",2021-03-29,5,,
Bermuda,BMU,AMRO,REPORTING,2022-06-24,131612,48554,211.347,77.97,47657,76.529,"AstraZeneca - Vaxzevria,Pfizer BioNTech - Comirnaty",2021-01-11,2,31821,51.099
Bhutan,BTN,SEARO,REPORTING,2022-06-12,1910077,692909,247.545,89.801,672575,87.165,"AstraZeneca - Vaxzevria,Beijing CNBG - BBIBP-CorV,Moderna - Spikevax,Pfizer BioNTech - Comirnaty,SII - Covishield",2021-03-27,5,544593,70.579
Bolivia (Plurinational State of),BOL,AMRO,REPORTING,2022-06-24,14207637,7245496,121.713,62.07,6021206,51.582,"Beijing CNBG - BBIBP-CorV,Gamaleya - Gam-Covid-Vac,Janssen - Ad26.COV 2-S,Moderna - Spikevax,Pfizer BioNTech - Comirnaty,SII - Covishield",2021-01-30,6,1695196,14.522
Bonaire,XAA,AMRO,REPORTING,2022-06-24,41141,17414,196.706,83.261,15835,75.711,,,,7892,37.734
"Bonaire, Sint Eustatius and Saba",BES,AMRO,REPORTING,2021-04-09,7391,5726,28.441,22.034,2965,11.41,"Moderna - Spikevax,Pfizer BioNTech - Comirnaty",2021-02-22,2,,
Bosnia and Herzegovina,BIH,EURO,REPORTING,2022-01-29,1924950,943394,58.7,28.755,846080,25.789,"AstraZeneca - AZD1222, Pfizer BioNTech - Comirnaty, Sinovac - CoronaVac, Gamaleya - Sputnik V",,4,,
Botswana,BWA,AFRO,REPORTING,2022-06-19,2730607,1696430,116.116,72.139,1512567,64.32,"Bharat - Covaxin,Janssen - Ad26.COV 2-S,Moderna - Spikevax,Pfizer BioNTech - Comirnaty,SII - Covishield,Sinovac - CoronaVac",2021-03-26,6,391031,16.628
Brazil,BRA,AMRO,REPORTING,2022-06-24,446548472,181721866,210.082,85.492,164757972,77.511,"AstraZeneca - Vaxzevria,Janssen - Ad26.COV 2-S,Pfizer BioNTech - Comirnaty,SII - Covishield,Sinovac - CoronaVac",2021-01-17,5,96539034,45.417
British Virgin Islands,VGB,AMRO,REPORTING,2022-06-24,41198,19389,136.25,64.123,18083,59.804,"AstraZeneca - Vaxzevria,Janssen - Ad26.COV 2-S",2021-02-11,2,3726,12.323
Brunei Darussalam,BRN,WPRO,REPORTING,2022-05-27,1173118,444293,268.154,101.558,426764,97.551,"AstraZeneca - Vaxzevria,Beijing CNBG - BBIBP-CorV,Janssen - Ad26.COV 2-S,Moderna - Spikevax,Pfizer BioNTech - Comirnaty",2021-04-03,5,301719,68.968
Bulgaria,BGR,EURO,REPORTING,2022-06-19,4405698,2091676,63.4,30.09,2062884,29.675,"AstraZeneca - Vaxzevria,Janssen - Ad26.COV 2-S,Moderna - Spikevax,Pfizer BioNTech - Comirnaty",2020-12-30,4,758853,10.916
Burkina Faso,BFA,AFRO,REPORTING,2022-06-19,2947562,2449746,14.101,11.719,1555077,7.439,"Beijing CNBG - BBIBP-CorV,Janssen - Ad26.COV 2-S,SII - Covishield",2021-06-02,3,,
Burundi,BDI,AFRO,REPORTING,2022-06-19,16780,14929,0.141,0.126,14350,0.121,Beijing CNBG - BBIBP-CorV,2021-10-18,1,3,0
Cabo Verde,CPV,AFRO,REPORTING,2022-06-19,773810,355377,139.178,63.918,307526,55.312,"Beijing CNBG - BBIBP-CorV,Moderna - Spikevax,Pfizer BioNTech - Comirnaty,SII - Covishield",2021-03-18,4,183,0.033
Cambodia,KHM,WPRO,REPORTING,2022-06-18,40711780,15068135,243.507,90.126,14361140,85.897,"AstraZeneca - Vaxzevria,Beijing CNBG - BBIBP-CorV,Janssen - Ad26.COV 2-S,Moderna - Spikevax,Pfizer BioNTech - Comirnaty,SII - Covishield,Sinovac - CoronaVac",2021-02-10,7,9372290,56.058
Cameroon,CMR,AFRO,REPORTING,2022-06-19,1838907,1559801,6.927,5.876,1216589,4.583,"Beijing CNBG - BBIBP-CorV,Janssen - Ad26.COV 2-S,Pfizer BioNTech - Comirnaty,SII - Covishield",2021-04-12,4,52011,0.196
Canada,CAN,AMRO,REPORTING,2022-06-24,85012823,32590082,225.246,86.349,31299549,82.93,"AstraZeneca - Vaxzevria,Janssen - Ad26.COV 2-S,Moderna - Spikevax,Pfizer BioNTech - Comirnaty,SII - Covishield",2020-12-14,5,18794843,49.798
Cayman Islands,CYM,AMRO,REPORTING,2022-06-24,145906,61307,222.012,93.285,59547,90.607,Pfizer BioNTech - Comirnaty,2021-01-15,1,23536,35.813
Central African Republic,CAF,AFRO,REPORTING,2022-06-19,1217399,1124848,25.206,23.29,1068464,22.122,"Bharat - Covaxin,SII - Covishield",2021-03-19,2,,
Chad,TCD,AFRO,REPORTING,2022-06-19,2356138,2218493,14.344,13.506,2093522,12.745,Beijing CNBG - BBIBP-CorV,2021-06-04,1,,
Chile,CHL,AMRO,REPORTING,2022-06-24,58917047,17991339,308.205,94.116,17563918,91.88,"AstraZeneca - Vaxzevria,CanSino - Convidecia,Moderna - Spikevax,Pfizer BioNTech - Comirnaty,Sinovac - CoronaVac",2020-12-21,5,14956983,78.242
China,CHN,WPRO,REPORTING,2022-06-14,3410000433,1297322140,231.77,88.176,1266972368,86.113,"Anhui ZL - Zifivax,Beijing CNBG - BBIBP-CorV,CanSino - Convidecia,IMB - Covidful,Pfizer BioNTech - Comirnaty,Shenzhen - LV-SMENP-DC,Sinovac - CoronaVac,Wuhan CNBG - Inactivated",2020-07-22,8,762559459,51.829
Colombia,COL,AMRO,REPORTING,2022-06-24,85767160,42418509,168.558,83.365,36180137,71.105,"AstraZeneca - Vaxzevria,Janssen - Ad26.COV 2-S,Moderna - Spikevax,Pfizer BioNTech - Comirnaty,Sinovac - CoronaVac",2021-02-17,5,12964054,25.478
Comoros,COM,AFRO,REPORTING,2022-06-19,642320,341302,73.864,39.248,301218,34.639,"Beijing CNBG - BBIBP-CorV,Bharat - Covaxin,SII - Covishield",2021-04-10,3,,
Congo,COG,AFRO,REPORTING,2022-06-19,831318,693902,15.065,12.575,652422,11.823,"Beijing CNBG - BBIBP-CorV,Gamaleya - Gam-Covid-Vac,Moderna - Spikevax,SII - Covishield",2021-03-23,4,,
Cook Islands,COK,WPRO,REPORTING,2022-05-10,39748,15013,226.304,85.476,14760,84.036,Pfizer BioNTech - Comirnaty,2021-05-17,1,9975,56.792
Costa Rica,CRI,AMRO,REPORTING,2022-06-24,11017624,4437629,216.281,87.113,4143017,81.329,"AstraZeneca - Vaxzevria,Moderna - Spikevax,Pfizer BioNTech - Comirnaty",2020-12-24,3,2299181,45.134
Côte d’Ivoire,CIV,AFRO,REPORTING,2022-06-19,12753769,8026397,48.35,30.428,5540193,21.003,"Beijing CNBG - BBIBP-CorV,Gamaleya - Gam-Covid-Vac,Janssen - Ad26.COV 2-S,Pfizer BioNTech - Comirnaty,SII - Covishield",2021-03-01,5,87290,0.331
Croatia,HRV,EURO,REPORTING,2022-06-19,5256366,2313593,129.5,57.044,2240109,55.2,"AstraZeneca - Vaxzevria,Janssen - Ad26.COV 2-S,Moderna - Spikevax,Novavax-NUVAXOVID,Pfizer BioNTech - Comirnaty,Unknown Vaccine",2020-12-23,6,899198,22.158
Cuba,CUB,AMRO,REPORTING,2022-06-24,36588854,10677896,323.034,94.273,9972106,88.041,"CIGB - CIGB-66,Finlay - Soberana Plus,Finlay - Soberana-02",,3,7379262,65.15
Curaçao,CUW,AMRO,REPORTING,2022-06-24,254020,108257,154.802,65.973,99548,60.666,"AstraZeneca - Vaxzevria,Moderna - Spikevax,Pfizer BioNTech - Comirnaty",2021-02-24,3,46215,28.164
Cyprus,CYP,EURO,REPORTING,2022-06-12,1799385,665504,202.6,74.944,654740,73.732,"AstraZeneca - Vaxzevria,Janssen - Ad26.COV 2-S,Moderna - Spikevax,Novavax-NUVAXOVID,Pfizer BioNTech - Comirnaty",2020-12-23,5,480407,54.1
Czechia,CZE,EURO,REPORTING,2022-06-12,17639623,6957821,164.9,65.063,6870839,64.25,"AstraZeneca - Vaxzevria,Janssen - Ad26.COV 2-S,Moderna - Spikevax,Novavax-NUVAXOVID,Pfizer BioNTech - Comirnaty",2020-12-23,5,4221122,39.472
Democratic Republic of the Congo,COD,AFRO,REPORTING,2022-06-19,3514480,2979005,3.924,3.326,2272532,2.537,SII - Covishield,2021-04-19,1,,
Denmark,DNK,EURO,REPORTING,2022-06-12,13208347,4829453,226.8,82.941,4782722,82.138,"AstraZeneca - Vaxzevria,Janssen - Ad26.COV 2-S,Moderna - Spikevax,Pfizer BioNTech - Comirnaty,Unknown Vaccine",2020-12-16,5,3642962,62.564
Djibouti,DJI,EMRO,REPORTING,2022-06-27,210208,61365,21.276,6.211,20586,2.084,"AstraZeneca - Vaxzevria,Beijing CNBG - BBIBP-CorV,Bharat - Covaxin,CanSino - Convidecia,Gamaleya - Gam-Covid-Vac,Gamaleya - Sputnik-Light,Janssen - Ad26.COV 2-S,Moderna - Spikevax,Pfizer BioNTech - Comirnaty,SII - Covishield,Sinovac - CoronaVac",2021-03-15,11,,
Dominica,DMA,AMRO,REPORTING,2022-06-24,66974,32865,93.031,45.652,30463,42.315,"AstraZeneca - Vaxzevria,Beijing CNBG - BBIBP-CorV,Pfizer BioNTech - Comirnaty,SII - Covishield",2021-02-12,4,3646,5.065
Dominican Republic,DOM,AMRO,REPORTING,2022-06-24,15602061,7233410,143.826,66.68,5994958,55.264,"AstraZeneca - Vaxzevria,SII - Covishield,Sinovac - CoronaVac",2021-02-16,3,2373693,21.882
Ecuador,ECU,AMRO,REPORTING,2022-06-24,35743135,15185084,202.59,86.068,14008955,79.402,"AstraZeneca - Vaxzevria,CanSino - Convidecia,Pfizer BioNTech - Comirnaty,Sinovac - CoronaVac",2021-01-20,4,6454811,36.586
Egypt,EGY,EMRO,REPORTING,2022-06-27,90374411,48283385,88.313,47.182,35136269,34.335,"AstraZeneca - Vaxzevria,Beijing CNBG - BBIBP-CorV,Bharat - Covaxin,CanSino - Convidecia,Gamaleya - Gam-Covid-Vac,Gamaleya - Sputnik-Light,Janssen - Ad26.COV 2-S,Moderna - Spikevax,Pfizer BioNTech - Comirnaty,Sinovac - CoronaVac",2021-01-24,10,5217106,5.098
El Salvador,SLV,AMRO,REPORTING,2022-06-24,10857235,4594226,167.39,70.831,4301674,66.32,"AstraZeneca - Vaxzevria,Beijing CNBG - BBIBP-CorV,Moderna - Spikevax,Pfizer BioNTech - Comirnaty,SII - Covishield,Sinovac - CoronaVac",2021-02-17,6,1682043,25.933
Equatorial Guinea,GNQ,AFRO,REPORTING,2022-06-19,484554,267610,34.537,19.074,208104,14.833,"Beijing CNBG - BBIBP-CorV,Sinovac - CoronaVac",2021-02-12,2,3862,0.275
Estonia,EST,EURO,REPORTING,2022-06-12,2075849,841801,156.2,63.342,837541,63.022,"AstraZeneca - Vaxzevria,Janssen - Ad26.COV 2-S,Moderna - Spikevax,Novavax-NUVAXOVID,Pfizer BioNTech - Comirnaty",2020-12-23,5,460516,34.652
Eswatini,SWZ,AFRO,REPORTING,2022-06-19,535393,387468,46.148,33.398,336066,28.967,"Janssen - Ad26.COV 2-S,Pfizer BioNTech - Comirnaty,SII - Covishield",2021-03-19,3,66331,5.717
Ethiopia,ETH,AFRO,REPORTING,2022-06-19,30025290,29380780,26.117,25.557,25902313,22.531,"Beijing CNBG - BBIBP-CorV,Bharat - Covaxin,Janssen - Ad26.COV 2-S,SII - Covishield",2021-03-13,4,562630,0.489
Falkland Islands (Malvinas),FLK,AMRO,OWID,2021-04-14,4407,2632,126.529,75.567,1775,50.962,AstraZeneca - AZD1222,,1,,
Faroe Islands,FRO,EURO,OWID,2022-02-18,103894,41715,212.614,85.368,40895,83.69,"Moderna - mRNA-1273, Pfizer BioNTech - Comirnaty",,2,21284,43.557
Fiji,FJI,WPRO,REPORTING,2022-06-13,1474692,706256,164.504,78.784,634807,70.814,"AstraZeneca - Vaxzevria,Moderna - Spikevax,SII - Covishield",2021-03-07,3,133629,14.907
Finland,FIN,EURO,REPORTING,2022-06-19,11853659,4533264,214.5,82.046,4343608,78.613,"AstraZeneca - Vaxzevria,Janssen - Ad26.COV 2-S,Moderna - Spikevax,Pfizer BioNTech - Comirnaty,Unknown Vaccine",2020-12-23,5,2976787,53.876
France,FRA,EURO,REPORTING,2022-06-12,148567479,54423395,220.7,80.843,52850258,78.506,"AstraZeneca - Vaxzevria,Janssen - Ad26.COV 2-S,Moderna - Spikevax,Novavax-NUVAXOVID,Pfizer BioNTech - Comirnaty,Unknown Vaccine",2020-12-30,6,40029482,59.461
French Guiana,GUF,AMRO,REPORTING,2022-06-24,233122,98849,78.05,33.095,89562,29.986,"Moderna - Spikevax,Pfizer BioNTech - Comirnaty",2021-01-13,2,43694,14.629
French Polynesia,PYF,WPRO,REPORTING,2022-04-17,456203,183647,162.403,65.376,183647,65.376,"Janssen - Ad26.COV 2-S,Pfizer BioNTech - Comirnaty",2021-01-18,2,88909,31.651
Gabon,GAB,AFRO,REPORTING,2022-06-19,567334,308745,25.49,13.872,256226,11.512,"Beijing CNBG - BBIBP-CorV,Gamaleya - Gam-Covid-Vac,Pfizer BioNTech - Comirnaty",2021-03-23,3,2363,0.106
Gambia,GMB,AFRO,REPORTING,2022-06-19,812811,449464,33.634,18.599,354340,14.662,"Beijing CNBG - BBIBP-CorV,SII - Covishield",2021-03-10,2,9007,0.373
Georgia,GEO,EURO,REPORTING,2022-06-12,2692604,1283770,67.5,32.181,1168616,29.295,"AstraZeneca - Vaxzevria,Beijing CNBG - BBIBP-CorV,Pfizer BioNTech - Comirnaty,Sinovac - CoronaVac",2021-03-17,4,240218,6.022
Germany,DEU,EURO,REPORTING,2022-06-12,180364693,64556861,216.9,77.623,64527690,77.588,"AstraZeneca - Vaxzevria,Janssen - Ad26.COV 2-S,Moderna - Spikevax,Novavax-NUVAXOVID,Pfizer BioNTech - Comirnaty,Unknown Vaccine",2020-12-23,6,49731767,59.798
Ghana,GHA,AFRO,REPORTING,2022-06-19,18448498,10352002,59.372,33.315,7089576,22.816,"Gamaleya - Gam-Covid-Vac,SII - Covishield",2021-03-02,2,1006920,3.241
Gibraltar,GIB,EURO,OWID,2022-04-21,119855,42074,355.748,124.882,41421,122.944,"AstraZeneca - AZD1222, Pfizer BioNTech - Comirnaty",,2,36360,107.922
Greece,GRC,EURO,REPORTING,2022-06-12,21130700,7899726,197.1,73.701,7716596,71.993,"AstraZeneca - Vaxzevria,Janssen - Ad26.COV 2-S,Moderna - Spikevax,Novavax-NUVAXOVID,Pfizer BioNTech - Comirnaty",2020-12-23,5,5794906,54.064
Greenland,GRL,EURO,OWID,2022-03-07,79745,41243,140.465,72.647,38502,67.819,Moderna - mRNA-1273,,1,,
Grenada,GRD,AMRO,REPORTING,2022-06-24,89070,43743,79.157,38.875,38547,34.257,"AstraZeneca - Vaxzevria,Janssen - Ad26.COV 2-S,Pfizer BioNTech - Comirnaty,SII - Covishield",2021-02-15,4,6780,6.025
Guadeloupe,GLP,AMRO,REPORTING,2022-06-24,380068,149370,94.988,37.331,143490,35.861,"AstraZeneca - Vaxzevria,Janssen - Ad26.COV 2-S,Moderna - Spikevax,Pfizer BioNTech - Comirnaty",2021-01-08,6,85011,21.246
Guam,GUM,WPRO,REPORTING,2022-06-13,354240,155157,209.889,91.931,141281,83.71,"Janssen - Ad26.COV 2-S,Moderna - Spikevax,Pfizer BioNTech - Comirnaty",2021-01-04,3,63839,37.825
Guatemala,GTM,AMRO,REPORTING,2022-06-24,17860168,8294525,99.691,46.298,6323041,35.294,"AstraZeneca - Vaxzevria,Gamaleya - Gam-Covid-Vac,Moderna - Spikevax,Pfizer BioNTech - Comirnaty,SII - Covishield",2021-02-25,5,3075534,17.167
Guernsey,GGY,EURO,OWID,2022-06-27,157161,,243.781,,,,"Moderna - mRNA-1273, AstraZeneca - AZD1222, Pfizer BioNTech - Comirnaty",,3,,
Guinea,GIN,AFRO,REPORTING,2022-06-19,6299629,4537091,47.969,34.548,2623618,19.978,"Beijing CNBG - BBIBP-CorV,Gamaleya - Gam-Covid-Vac,Janssen - Ad26.COV 2-S,Pfizer BioNTech - Comirnaty,SII - Covishield,Sinovac - CoronaVac",2021-03-05,6,,
Guinea-Bissau,GNB,AFRO,REPORTING,2022-06-19,572775,529604,29.104,26.911,342039,17.38,"Beijing CNBG - BBIBP-CorV,SII - Covishield",2021-04-02,2,179,0.009
Guyana,GUY,AMRO,REPORTING,2022-06-24,913974,478010,116.2,60.773,368450,46.844,"AstraZeneca - Vaxzevria,Beijing CNBG - BBIBP-CorV,Gamaleya - Gam-Covid-Vac,Janssen - Ad26.COV 2-S,Moderna - Spikevax,Pfizer BioNTech - Comirnaty,SII - Covishield",2021-02-11,7,67514,8.584
Haiti,HTI,AMRO,REPORTING,2022-06-24,342724,241385,3.006,2.117,157276,1.379,"Janssen - Ad26.COV 2-S,Moderna - Spikevax",,2,,
Honduras,HND,AMRO,REPORTING,2022-06-24,14404631,6293459,145.434,63.541,5368598,54.203,"AstraZeneca - Vaxzevria,Gamaleya - Gam-Covid-Vac,Janssen - Ad26.COV 2-S,Moderna - Spikevax,Pfizer BioNTech - Comirnaty,SII - Covishield",2021-02-22,6,2742949,27.694
Hungary,HUN,EURO,REPORTING,2022-06-12,16406068,6346935,167.9,64.967,6140942,62.858,"AstraZeneca - Vaxzevria,Beijing CNBG - BBIBP-CorV,Gamaleya - Gam-Covid-Vac,Janssen - Ad26.COV 2-S,Moderna - Spikevax,Pfizer BioNTech - Comirnaty,Sinovac - CoronaVac",2020-12-23,7,3844684,39.354
Iceland,ISL,EURO,REPORTING,2022-05-29,803561,306483,220.7,84.168,296820,81.514,"AstraZeneca - Vaxzevria,Janssen - Ad26.COV 2-S,Moderna - Spikevax,Pfizer BioNTech - Comirnaty",2020-12-30,4,250197,68.71
India,IND,SEARO,REPORTING,2022-06-16,1956513732,1012536262,141.776,73.372,903877224,65.498,"Bharat - Covaxin,Biological E - Corbevax,Gamaleya - Gam-Covid-Vac,Janssen - Ad26.COV 2-S,Moderna - Spikevax,SII - Covishield,SII - Covovax,Zydus - ZyCov-D",2021-01-16,8,54180061,3.926
Indonesia,IDN,SEARO,REPORTING,2022-06-15,417522347,201000560,152.646,73.486,168251795,61.513,"AstraZeneca - Vaxzevria,Beijing CNBG - BBIBP-CorV,Janssen - Ad26.COV 2-S,Moderna - Spikevax,Novavax-NUVAXOVID,Pfizer BioNTech - Comirnaty,Sinovac - CoronaVac",2021-01-13,7,48269992,17.647
Iran (Islamic Republic of),IRN,EMRO,REPORTING,2022-06-27,150001215,64606393,178.588,76.919,57953705,68.998,"AstraZeneca - Vaxzevria,Beijing CNBG - BBIBP-CorV,Bharat - Covaxin,CanSino - Convidecia,Finlay - Soberana-02,Gamaleya - Gam-Covid-Vac,Gamaleya - Sputnik-Light,Janssen - Ad26.COV 2-S,Moderna - Spikevax,Pfizer BioNTech - Comirnaty,Shifa - COVIran Barakat,Sinovac - CoronaVac",2021-02-09,12,27441117,32.671
Iraq,IRQ,EMRO,REPORTING,2022-06-27,18636865,10833447,46.334,26.934,7609777,18.919,"AstraZeneca - Vaxzevria,Beijing CNBG - BBIBP-CorV,Bharat - Covaxin,CanSino - Convidecia,Gamaleya - Gam-Covid-Vac,Gamaleya - Sputnik-Light,Janssen - Ad26.COV 2-S,Moderna - Spikevax,Pfizer BioNTech - Comirnaty,Sinovac - CoronaVac",2021-03-02,10,193641,0.481
Ireland,IRL,EURO,REPORTING,2022-06-19,11226464,4040411,226.1,83.835,4001324,80.6,"AstraZeneca - Vaxzevria,Janssen - Ad26.COV 2-S,Moderna - Spikevax,Novavax-NUVAXOVID,Pfizer BioNTech - Comirnaty",2020-12-30,5,2951931,59.462
Isle of Man,IMN,EURO,OWID,2022-06-23,189994,69560,223.438,81.804,67106,78.919,"Moderna - mRNA-1273, AstraZeneca - AZD1222, Pfizer BioNTech - Comirnaty",,3,53328,62.715
Israel,ISR,EURO,REPORTING,2022-05-08,15018677,7054015,173.5,81.497,6382834,73.743,"AstraZeneca - Vaxzevria,Moderna - Spikevax,Pfizer BioNTech - Comirnaty",2020-12-16,3,1581828,18.275
Italy,ITA,EURO,REPORTING,2022-06-19,136956684,50398711,229.6,84.507,47477358,79.605,"AstraZeneca - Vaxzevria,Janssen - Ad26.COV 2-S,Moderna - Spikevax,Novavax-NUVAXOVID,Pfizer BioNTech - Comirnaty",2020-12-23,5,40559884,68.006
Jamaica,JAM,AMRO,REPORTING,2022-06-24,1454757,811259,49.128,27.397,707664,23.898,"AstraZeneca - Vaxzevria,Beijing CNBG - BBIBP-CorV,Janssen - Ad26.COV 2-S,Pfizer BioNTech - Comirnaty,SII - Covishield",2021-03-10,5,41952,1.417
Japan,JPN,WPRO,REPORTING,2022-06-16,283048722,103688577,223.796,81.983,102248901,80.844,"AstraZeneca - Vaxzevria,Moderna - Spikevax,Novavax-NUVAXOVID,Pfizer BioNTech - Comirnaty",2021-02-17,4,77046989,60.918
Jersey,JEY,EURO,OWID,2022-06-19,235534,83554,218.5,77.511,80680,74.845,"Moderna - mRNA-1273, AstraZeneca - AZD1222, Pfizer BioNTech - Comirnaty",,3,71300,66.143
Jordan,JOR,EMRO,REPORTING,2022-06-27,9991560,4795888,97.926,47.004,4523642,44.336,"AstraZeneca - Vaxzevria,Beijing CNBG - BBIBP-CorV,Bharat - Covaxin,CanSino - Convidecia,Gamaleya - Gam-Covid-Vac,Gamaleya - Sputnik-Light,Janssen - Ad26.COV 2-S,Moderna - Spikevax,Pfizer BioNTech - Comirnaty,Sinovac - CoronaVac",2021-01-13,10,667902,6.546
Kazakhstan,KAZ,EURO,REPORTING,2022-06-12,26466651,10695524,141,56.962,11225218,59.783,"Beijing CNBG - BBIBP-CorV,Gamaleya - Gam-Covid-Vac,Pfizer BioNTech - Comirnaty,RIBSP - QazVac,Sinovac - CoronaVac",2021-04-07,5,4545909,24.21
Kenya,KEN,AFRO,REPORTING,2022-06-19,18535975,12641679,34.472,23.51,9326814,17.345,"Beijing CNBG - BBIBP-CorV,Janssen - Ad26.COV 2-S,Moderna - Spikevax,Pfizer BioNTech - Comirnaty,SII - Covishield",2021-03-05,5,376018,0.699
Kiribati,KIR,WPRO,REPORTING,2022-05-14,151235,80566,126.611,67.448,60670,50.792,"AstraZeneca - Vaxzevria,Beijing CNBG - BBIBP-CorV",2021-05-26,2,9999,8.371
Kosovo,XKX,EURO,REPORTING,2022-06-12,1829557,903255,101.9,50.302,823177,45.842,"AstraZeneca - Vaxzevria,Pfizer BioNTech - Comirnaty",2021-03-31,2,103125,5.743
Kuwait,KWT,EMRO,REPORTING,2022-06-27,8112363,3432854,189.96,80.384,3320935,77.763,"AstraZeneca - Vaxzevria,Beijing CNBG - BBIBP-CorV,Bharat - Covaxin,CanSino - Convidecia,Gamaleya - Gam-Covid-Vac,Gamaleya - Sputnik-Light,Janssen - Ad26.COV 2-S,Moderna - Spikevax,Pfizer BioNTech - Comirnaty,Sinovac - CoronaVac",2020-12-28,10,1358574,31.812
Kyrgyzstan,KGZ,EURO,REPORTING,2022-06-19,2885892,1441744,44.2,22.098,1277400,19.579,"AstraZeneca - Vaxzevria,Beijing CNBG - BBIBP-CorV,Gamaleya - Gam-Covid-Vac,Moderna - Spikevax,Pfizer BioNTech - Comirnaty,RIBSP - QazVac",2021-03-31,6,166748,2.556
Lao People's Democratic Republic,LAO,WPRO,REPORTING,2022-05-05,11130131,5786537,152.98,79.534,4939064,67.886,"AstraZeneca - Vaxzevria,Beijing CNBG - BBIBP-CorV,Gamaleya - Gam-Covid-Vac,Gamaleya - Sputnik-Light,Janssen - Ad26.COV 2-S,Pfizer BioNTech - Comirnaty,SII - Covishield,Sinovac - CoronaVac",2020-11-25,8,1450981,19.943
Latvia,LVA,EURO,REPORTING,2022-06-12,2829561,1301199,148.3,68.209,1269343,66.539,"AstraZeneca - Vaxzevria,Janssen - Ad26.COV 2-S,Moderna - Spikevax,Novavax-NUVAXOVID,Pfizer BioNTech - Comirnaty",2020-12-30,5,531212,27.846
Lebanon,LBN,EMRO,REPORTING,2022-06-27,5673326,2698736,83.12,39.539,2374475,34.789,"AstraZeneca - Vaxzevria,Beijing CNBG - BBIBP-CorV,Bharat - Covaxin,CanSino - Convidecia,Gamaleya - Gam-Covid-Vac,Gamaleya - Sputnik-Light,Janssen - Ad26.COV 2-S,Moderna - Spikevax,Pfizer BioNTech - Comirnaty,Sinovac - CoronaVac",2021-02-14,10,600115,8.792
Lesotho,LSO,AFRO,REPORTING,2022-06-19,948906,1014456,44.295,47.355,847837,39.577,"Beijing CNBG - BBIBP-CorV,Janssen - Ad26.COV 2-S,SII - Covishield",2021-03-10,3,26447,1.235
Liberia,LBR,AFRO,REPORTING,2022-06-19,2088457,1751520,41.293,34.631,1438154,28.435,SII - Covishield,2021-04-01,1,1912,0.038
Libya,LBY,EMRO,REPORTING,2022-06-27,3579762,2269135,52.097,33.023,1183940,17.23,"AstraZeneca - Vaxzevria,Beijing CNBG - BBIBP-CorV,Bharat - Covaxin,CanSino - Convidecia,Gamaleya - Gam-Covid-Vac,Gamaleya - Sputnik-Light,Janssen - Ad26.COV 2-S,Moderna - Spikevax,Pfizer BioNTech - Comirnaty,Sinovac - CoronaVac",2021-04-11,10,126687,1.844
Liechtenstein,LIE,OTHER,REPORTING,2022-04-10,71104,26681,183.5,68.86,26346,67.995,"Janssen - Ad26.COV 2-S,Moderna - Spikevax,Pfizer BioNTech - Comirnaty",2021-01-06,3,18310,47.255
Lithuania,LTU,EURO,REPORTING,2022-06-12,4474331,1951421,160.1,69.995,1901636,68.059,"AstraZeneca - Vaxzevria,Janssen - Ad26.COV 2-S,Moderna - Spikevax,Pfizer BioNTech - Comirnaty,Unknown Vaccine",2020-12-23,5,890925,31.886
Luxembourg,LUX,EURO,REPORTING,2022-06-19,1269628,469338,202.8,74.961,462335,73.843,"AstraZeneca - Vaxzevria,Janssen - Ad26.COV 2-S,Moderna - Spikevax,Novavax-NUVAXOVID,Pfizer BioNTech - Comirnaty",2020-12-30,5,362694,57.928
Madagascar,MDG,AFRO,REPORTING,2022-06-19,2369775,1290584,8.558,4.661,1199011,4.33,"Beijing CNBG - BBIBP-CorV,Janssen - Ad26.COV 2-S,SII - Covishield",2021-05-10,3,43528,0.157
Malawi,MWI,AFRO,REPORTING,2022-06-19,2166402,1596607,11.325,8.346,1139589,5.957,"Janssen - Ad26.COV 2-S,SII - Covishield",2021-03-11,2,740,0.004
Malaysia,MYS,WPRO,REPORTING,2022-06-17,71121524,28020658,219.741,86.574,27188353,84.003,"AstraZeneca - Vaxzevria,Beijing CNBG - BBIBP-CorV,CanSino - Convidecia,Gamaleya - Gam-Covid-Vac,Janssen - Ad26.COV 2-S,Moderna - Spikevax,Pfizer BioNTech - Comirnaty,Sinovac - CoronaVac",2021-02-24,8,16127305,49.828
Maldives,MDV,SEARO,REPORTING,2022-06-13,945036,398751,174.831,73.768,384347,71.104,"AstraZeneca - Vaxzevria,Beijing CNBG - BBIBP-CorV,Gamaleya - Gam-Covid-Vac,Janssen - Ad26.COV 2-S,Moderna - Spikevax,Pfizer BioNTech - Comirnaty,SII - Covishield,Sinovac - CoronaVac",2021-02-01,8,161938,29.958
Mali,MLI,AFRO,REPORTING,2022-06-19,2406986,1781525,11.886,8.797,1304066,6.44,SII - Covishield,2021-03-31,1,,
Malta,MLT,EURO,REPORTING,2022-06-12,1248414,450106,242.6,87.473,444340,86.353,"AstraZeneca - Vaxzevria,Janssen - Ad26.COV 2-S,Moderna - Spikevax,Pfizer BioNTech - Comirnaty",2020-12-23,4,349679,67.956
Marshall Islands,MHL,WPRO,REPORTING,2022-06-13,72668,36583,122.762,61.802,29077,49.122,"Janssen - Ad26.COV 2-S,Moderna - Spikevax,Pfizer BioNTech - Comirnaty",2020-12-29,3,9519,16.081
Martinique,MTQ,AMRO,REPORTING,2022-06-24,386730,149303,103.055,39.786,144097,38.399,Pfizer BioNTech - Comirnaty,,1,90230,24.044
Mauritania,MRT,AFRO,REPORTING,2022-06-19,2850398,1925871,61.303,41.42,1332967,28.668,"Beijing CNBG - BBIBP-CorV,SII - Covishield",2021-03-26,2,215817,4.642
Mauritius,MUS,AFRO,REPORTING,2022-06-19,2554648,977602,200.874,76.87,945000,74.306,"Beijing CNBG - BBIBP-CorV,Bharat - Covaxin,SII - Covishield",2021-01-26,3,623976,49.064
Mexico,MEX,AMRO,REPORTING,2022-06-24,209179257,88336802,162.239,68.514,79947470,62.007,"AstraZeneca - Vaxzevria,CanSino - Convidecia,Gamaleya - Gam-Covid-Vac,Janssen - Ad26.COV 2-S,Moderna - Spikevax,Pfizer BioNTech - Comirnaty,Sinovac - CoronaVac",2020-12-24,7,53157386,41.229
Micronesia (Federated States of),FSM,WPRO,REPORTING,2022-06-13,134783,69746,117.179,60.637,58741,51.069,"AstraZeneca - Vaxzevria,Janssen - Ad26.COV 2-S,Moderna - Spikevax,Pfizer BioNTech - Comirnaty",2021-01-13,4,18731,16.285
Monaco,MCO,EURO,REPORTING,2022-01-02,58294,23460,148.5,59.78,23356,59.515,"AstraZeneca - Vaxzevria,Janssen - Ad26.COV 2-S,Moderna - Spikevax,Novavax - Covavax,Novavax-NUVAXOVID,Pfizer BioNTech - Comirnaty",2021-06-30,6,11478,29.248
Mongolia,MNG,WPRO,REPORTING,2022-06-17,5632280,2273628,171.805,69.354,2176744,66.399,"AstraZeneca - Vaxzevria,Beijing CNBG - BBIBP-CorV,Gamaleya - Gam-Covid-Vac,Moderna - Spikevax,Pfizer BioNTech - Comirnaty,SII - Covishield",2021-02-23,6,1047337,31.948
Montenegro,MNE,EURO,REPORTING,2022-06-05,525065,271816,83.6,43.709,253249,40.724,"AstraZeneca - Vaxzevria,Beijing CNBG - BBIBP-CorV,Gamaleya - Gam-Covid-Vac,Pfizer BioNTech - Comirnaty,Unknown Vaccine",2021-02-24,5,0,0
Montserrat,MSR,AMRO,REPORTING,2022-06-24,4422,2044,88.458,40.888,1868,37.367,AstraZeneca - Vaxzevria,2021-02-08,1,510,10.202
Morocco,MAR,EMRO,REPORTING,2022-06-27,54823412,24853149,148.53,67.333,23337725,63.228,"AstraZeneca - Vaxzevria,Beijing CNBG - BBIBP-CorV,Bharat - Covaxin,CanSino - Convidecia,Gamaleya - Gam-Covid-Vac,Gamaleya - Sputnik-Light,Janssen - Ad26.COV 2-S,Moderna - Spikevax,Pfizer BioNTech - Comirnaty,Sinovac - CoronaVac",2021-01-28,10,6534825,17.704
Mozambique,MOZ,AFRO,REPORTING,2022-06-19,31616078,14978771,101.154,47.924,14098645,45.108,"Beijing CNBG - BBIBP-CorV,Janssen - Ad26.COV 2-S,SII - Covishield",2021-03-08,3,425736,1.362
Myanmar,MMR,SEARO,REPORTING,2022-06-08,62259560,33004742,114.427,60.66,27027467,49.674,"Beijing CNBG - BBIBP-CorV,SII - Covishield",2021-01-27,2,2227351,4.094
Namibia,NAM,AFRO,REPORTING,2022-06-19,825518,496475,32.489,19.539,426681,16.792,"Beijing CNBG - BBIBP-CorV,Janssen - Ad26.COV 2-S,Pfizer BioNTech - Comirnaty,SII - Covishield",2021-03-19,4,64392,2.534
Nauru,NRU,WPRO,REPORTING,2022-03-31,22976,9464,212.073,87.355,8585,79.241,"AstraZeneca - Vaxzevria,SII - Covishield",2021-04-09,2,4927,45.477
Nepal,NPL,SEARO,REPORTING,2022-06-10,47568725,22462593,163.26,77.094,19976900,68.562,"AstraZeneca - Vaxzevria,Beijing CNBG - BBIBP-CorV,Bharat - Covaxin,Gamaleya - Gam-Covid-Vac,Janssen - Ad26.COV 2-S,Moderna - Spikevax,Pfizer BioNTech - Comirnaty,SII - Covishield",2021-01-27,8,5129232,17.604
Netherlands,NLD,EURO,REPORTING,2022-06-12,35407012,12804977,203.4,73.56,11980109,68.821,"AstraZeneca - Vaxzevria,Janssen - Ad26.COV 2-S,Moderna - Spikevax,Novavax-NUVAXOVID,Pfizer BioNTech - Comirnaty,Unknown Vaccine",2021-01-06,6,9294057,53.391
New Caledonia,NCL,WPRO,REPORTING,2022-06-13,461499,188380,161.647,65.983,180313,63.157,"Janssen - Ad26.COV 2-S,Pfizer BioNTech - Comirnaty",2021-01-20,2,92806,32.507
New Zealand,NZL,WPRO,REPORTING,2022-06-17,11107097,4262050,230.331,88.383,4083027,84.671,"AstraZeneca - Vaxzevria,Janssen - Ad26.COV 2-S,Novavax-NUVAXOVID,Pfizer BioNTech - Comirnaty",2021-02-19,4,2692585,55.837
Nicaragua,NIC,AMRO,REPORTING,2022-06-24,11341125,5917353,171.198,89.325,5423772,81.874,"AstraZeneca - Vaxzevria,CIGB - CIGB-66,Finlay - Soberana Plus,Finlay - Soberana-02,Gamaleya - Gam-Covid-Vac,Gamaleya - Sputnik-Light,Janssen - Ad26.COV 2-S,Pfizer BioNTech - Comirnaty,SII - Covishield",2021-03-03,9,,
Niger,NER,AFRO,REPORTING,2022-06-19,2703493,2198758,11.168,9.083,1556817,6.431,"Beijing CNBG - BBIBP-CorV,SII - Covishield",2021-03-29,2,,
Nigeria,NGA,AFRO,REPORTING,2022-06-19,50619238,28340766,24.556,13.748,20986761,10.181,SII - Covishield,2021-03-05,1,1171892,0.568
Niue,NIU,WPRO,REPORTING,2022-03-13,4161,1650,257.169,101.978,1417,87.577,Pfizer BioNTech - Comirnaty,2021-06-08,1,1094,67.614
North Macedonia,MKD,EURO,REPORTING,2022-06-19,1849997,853900,88.8,41.127,837400,40.332,"AstraZeneca - Vaxzevria,Beijing CNBG - BBIBP-CorV,Gamaleya - Gam-Covid-Vac,Pfizer BioNTech - Comirnaty,Sinovac - CoronaVac,Wuhan CNBG - Inactivated",2021-02-17,6,158697,7.643
Northern Mariana Islands (Commonwealth of the),MNP,WPRO,REPORTING,2022-05-20,111810,44759,194.26,77.765,44011,76.465,"Janssen - Ad26.COV 2-S,Moderna - Spikevax,Pfizer BioNTech - Comirnaty",2020-12-19,3,23040,40.03
Norway,NOR,EURO,REPORTING,2022-06-12,11333683,4338609,211.2,80.83,4048289,75.421,"AstraZeneca - Vaxzevria,Janssen - Ad26.COV 2-S,Moderna - Spikevax,Pfizer BioNTech - Comirnaty",2020-12-23,4,2953831,55.031
occupied Palestinian territory,PSE,EMRO,REPORTING,2022-06-27,3734270,1630408,73.201,31.96,1394343,27.332,"AstraZeneca - Vaxzevria,Beijing CNBG - BBIBP-CorV,Bharat - Covaxin,CanSino - Convidecia,Gamaleya - Gam-Covid-Vac,Gamaleya - Sputnik-Light,Janssen - Ad26.COV 2-S,Moderna - Spikevax,Pfizer BioNTech - Comirnaty,Sinovac - CoronaVac",2021-02-02,10,331383,6.496
Oman,OMN,EMRO,REPORTING,2022-06-27,7068002,3266729,138.408,63.97,3039478,59.52,"AstraZeneca - Vaxzevria,Beijing CNBG - BBIBP-CorV,Bharat - Covaxin,CanSino - Convidecia,Gamaleya - Gam-Covid-Vac,Gamaleya - Sputnik-Light,Janssen - Ad26.COV 2-S,Moderna - Spikevax,Pfizer BioNTech - Comirnaty,SII - Covishield,Sinovac - CoronaVac",2020-12-29,11,761795,14.918
Pakistan,PAK,EMRO,REPORTING,2022-06-27,287170265,135690857,130.005,61.429,113020998,51.166,"AstraZeneca - Vaxzevria,Beijing CNBG - BBIBP-CorV,Bharat - Covaxin,CanSino - Convidecia,Gamaleya - Gam-Covid-Vac,Gamaleya - Sputnik-Light,Janssen - Ad26.COV 2-S,Moderna - Spikevax,Pfizer BioNTech - Comirnaty,SII - Covishield,Sinovac - CoronaVac",2021-02-03,11,21011278,9.512
Palau,PLW,WPRO,REPORTING,2022-06-13,47462,20228,262.337,111.806,18021,99.608,"Janssen - Ad26.COV 2-S,Moderna - Spikevax,Pfizer BioNTech - Comirnaty",2021-01-03,3,11564,63.918
Panama,PAN,AMRO,REPORTING,2022-06-24,8358729,3482802,193.724,80.718,3114030,72.171,"AstraZeneca - Vaxzevria,Pfizer BioNTech - Comirnaty",2021-01-20,2,1628542,37.743
Papua New Guinea,PNG,WPRO,REPORTING,2022-06-12,461982,337243,5.164,3.769,277913,3.106,"AstraZeneca - Vaxzevria,Beijing CNBG - BBIBP-CorV,Janssen - Ad26.COV 2-S,SII - Covishield",2021-03-30,4,19845,0.222
Paraguay,PRY,AMRO,REPORTING,2022-06-24,8890636,3944590,124.649,55.304,3451096,48.385,"AstraZeneca - Vaxzevria,Beijing CNBG - BBIBP-CorV,Bharat - Covaxin,Gamaleya - Gam-Covid-Vac,Julphar - Hayat-Vax,Moderna - Spikevax,Pfizer BioNTech - Comirnaty,Sinovac - CoronaVac",2021-02-22,8,1441137,20.205
Peru,PER,AMRO,REPORTING,2022-06-24,77139744,29484689,233.956,89.424,27575708,83.634,"AstraZeneca - Vaxzevria,Beijing CNBG - BBIBP-CorV,Moderna - Spikevax,Pfizer BioNTech - Comirnaty",2021-02-09,4,18466590,56.007
Philippines,PHL,WPRO,REPORTING,2022-06-16,152865928,75286371,139.5,68.704,70532636,64.366,"AstraZeneca - Vaxzevria,Beijing CNBG - BBIBP-CorV,Bharat - Covaxin,Gamaleya - Gam-Covid-Vac,Gamaleya - Sputnik-Light,Janssen - Ad26.COV 2-S,Julphar - Hayat-Vax,Moderna - Spikevax,Novavax-NUVAXOVID,Pfizer BioNTech - Comirnaty,Sinovac - CoronaVac",2021-03-01,11,14686903,13.403
Pitcairn Islands,PCN,WPRO,REPORTING,2022-02-28,106,46,212,92,37,74,AstraZeneca - Vaxzevria,2021-05-17,1,23,46
Poland,POL,EURO,REPORTING,2022-06-19,54602192,22825395,143.8,60.133,22528122,59.35,"AstraZeneca - Vaxzevria,Janssen - Ad26.COV 2-S,Moderna - Spikevax,Novavax-NUVAXOVID,Pfizer BioNTech - Comirnaty",2020-12-23,5,12070159,31.799
Portugal,PRT,EURO,REPORTING,2022-06-19,24526288,9725569,238.2,94.555,8879207,86.24,"AstraZeneca - Vaxzevria,Beijing CNBG - BBIBP-CorV,Bharat - Covaxin,Janssen - Ad26.COV 2-S,Moderna - Spikevax,Novavax-NUVAXOVID,Pfizer BioNTech - Comirnaty,Sinovac - CoronaVac",2020-12-23,8,6676469,64.846
Puerto Rico,PRI,AMRO,REPORTING,2022-06-24,7351103,3060532,256.955,106.98,2670144,93.334,"Janssen - Ad26.COV 2-S,Moderna - Spikevax,Pfizer BioNTech - Comirnaty",,3,1588680,55.532
Qatar,QAT,EMRO,REPORTING,2022-06-27,6974984,2646349,242.098,91.854,2646349,91.854,"AstraZeneca - Vaxzevria,Beijing CNBG - BBIBP-CorV,Bharat - Covaxin,CanSino - Convidecia,Gamaleya - Gam-Covid-Vac,Gamaleya - Sputnik-Light,Janssen - Ad26.COV 2-S,Moderna - Spikevax,Pfizer BioNTech - Comirnaty,Sinovac - CoronaVac",,10,1682286,58.391
Republic of Korea,KOR,WPRO,REPORTING,2022-06-16,125625457,44979093,245.031,87.731,44532259,86.86,"AstraZeneca - Vaxzevria,Janssen - Ad26.COV 2-S,Moderna - Spikevax,Novavax-NUVAXOVID,Pfizer BioNTech - Comirnaty",2021-02-26,5,33336483,65.022
Republic of Moldova,MDA,EURO,REPORTING,2022-06-19,2197380,1094958,54.5,27.143,1065301,26.408,"AstraZeneca - Vaxzevria,Beijing CNBG - BBIBP-CorV,Gamaleya - Gam-Covid-Vac,Janssen - Ad26.COV 2-S,Moderna - Spikevax,Pfizer BioNTech - Comirnaty,Sinovac - CoronaVac",2021-03-03,7,338542,8.392
Romania,ROU,EURO,REPORTING,2022-06-19,16037536,8175103,83,42.295,8123668,42.029,"AstraZeneca - Vaxzevria,Janssen - Ad26.COV 2-S,Moderna - Spikevax,Pfizer BioNTech - Comirnaty",2021-01-27,4,1745730,9.032
Russian Federation,RUS,EURO,OWID,2022-06-22,168160562,81529329,115.2,55.867,74284589,50.903,"SRCVB - EpiVacCorona, Gamaleya - Sputnik V",,2,,
Rwanda,RWA,AFRO,REPORTING,2022-06-19,22371698,9076533,172.725,70.077,8558553,66.078,"Beijing CNBG - BBIBP-CorV,Gamaleya - Gam-Covid-Vac,Janssen - Ad26.COV 2-S,Moderna - Spikevax,Pfizer BioNTech - Comirnaty,SII - Covishield,Sinovac - CoronaVac",2021-03-05,7,4736612,36.57
Saba,XCA,AMRO,REPORTING,2022-06-24,4419,1680,228.608,86.912,1639,84.79,,,,1100,56.906
Saint Helena,SHN,AFRO,OWID,2021-05-05,7892,4361,129.995,71.833,3531,58.162,AstraZeneca - AZD1222,,1,,
Saint Kitts and Nevis,KNA,AMRO,REPORTING,2022-06-24,58914,28629,110.757,53.822,26830,50.44,"AstraZeneca - Vaxzevria,Pfizer BioNTech - Comirnaty,SII - Covishield",2021-02-22,3,3455,6.495
Saint Lucia,LCA,AMRO,REPORTING,2022-06-24,121397,59560,66.111,32.435,54255,29.546,"AstraZeneca - Vaxzevria,Janssen - Ad26.COV 2-S,Moderna - Spikevax,Pfizer BioNTech - Comirnaty,SII - Covishield",2021-02-17,5,7582,4.129
Saint Vincent and the Grenadines,VCT,AMRO,REPORTING,2022-06-24,71501,36742,64.45,33.119,30855,27.812,"AstraZeneca - Vaxzevria,Gamaleya - Gam-Covid-Vac,Gamaleya - Sputnik-Light,Pfizer BioNTech - Comirnaty,SII - Covishield",2021-02-01,5,3904,3.519
Samoa,WSM,WPRO,REPORTING,2022-05-29,439060,190053,221.285,95.786,174125,87.758,"AstraZeneca - Vaxzevria,Pfizer BioNTech - Comirnaty",2021-04-18,2,74882,37.74
San Marino,SMR,EURO,REPORTING,2022-05-22,69338,26357,204.3,76.501,23633,68.595,"Gamaleya - Gam-Covid-Vac,Pfizer BioNTech - Comirnaty",2021-02-24,2,19348,56.158
Sao Tome and Principe,STP,AFRO,REPORTING,2022-06-19,214560,123088,97.902,56.164,91836,41.904,"AstraZeneca - Vaxzevria,SII - Covishield",2021-03-15,2,17869,8.153
Saudi Arabia,SAU,EMRO,REPORTING,2022-06-27,66700629,26713922,191.592,76.734,25082132,72.046,"AstraZeneca - Vaxzevria,Beijing CNBG - BBIBP-CorV,Bharat - Covaxin,CanSino - Convidecia,Gamaleya - Gam-Covid-Vac,Gamaleya - Sputnik-Light,Janssen - Ad26.COV 2-S,Moderna - Spikevax,Pfizer BioNTech - Comirnaty,Sinovac - CoronaVac",2021-01-06,10,14904575,42.812
Senegal,SEN,AFRO,REPORTING,2022-06-19,2090349,1432961,12.484,8.558,1070503,6.393,"Beijing CNBG - BBIBP-CorV,Janssen - Ad26.COV 2-S,SII - Covishield",2021-02-23,3,7027,0.042
Serbia,SRB,EURO,REPORTING,2022-06-12,6708547,3391961,96.9,48.969,3316586,47.881,"AstraZeneca - Vaxzevria,Beijing CNBG - BBIBP-CorV,Gamaleya - Gam-Covid-Vac,Moderna - Spikevax,Pfizer BioNTech - Comirnaty",2020-12-23,5,0,0
Seychelles,SYC,AFRO,REPORTING,2022-06-19,221597,84943,225.322,86.371,80726,82.083,"Beijing CNBG - BBIBP-CorV,Gamaleya - Gam-Covid-Vac,Julphar - Hayat-Vax,SII - Covishield",2021-01-10,4,41022,41.711
Sierra Leone,SLE,AFRO,REPORTING,2022-06-19,3124431,2383636,39.168,29.881,1659093,20.799,"Beijing CNBG - BBIBP-CorV,SII - Covishield",2021-03-15,2,6974,0.087
Singapore,SGP,WPRO,REPORTING,2022-06-13,14171209,5018137,242.229,85.775,4993291,85.35,"AstraZeneca - Vaxzevria,Beijing CNBG - BBIBP-CorV,Moderna - Spikevax,Pfizer BioNTech - Comirnaty",2020-12-30,4,4159781,71.103
Sint Eustatius,XBA,AMRO,REPORTING,2022-06-24,4257,1791,135.616,57.056,1686,53.711,,,,780,24.849
Sint Maarten,SXM,AMRO,REPORTING,2022-06-24,63552,28357,148.202,66.128,26350,61.448,"AstraZeneca - Vaxzevria,Moderna - Spikevax,Pfizer BioNTech - Comirnaty",2021-02-22,3,8845,20.626
Slovakia,SVK,EURO,REPORTING,2022-06-12,7077813,2822133,129.7,51.708,2772118,50.791,"AstraZeneca - Vaxzevria,Gamaleya - Gam-Covid-Vac,Janssen - Ad26.COV 2-S,Moderna - Spikevax,Novavax-NUVAXOVID,Pfizer BioNTech - Comirnaty",2021-01-06,6,1651986,30.268
Slovenia,SVN,EURO,REPORTING,2022-06-19,2957049,1237017,141.1,59.049,1206212,57.552,"AstraZeneca - Vaxzevria,Janssen - Ad26.COV 2-S,Moderna - Spikevax,Novavax-NUVAXOVID,Pfizer BioNTech - Comirnaty",2020-12-23,5,649222,30.976
Solomon Islands,SLB,WPRO,REPORTING,2022-06-19,471149,284693,68.592,41.447,182055,26.504,"AstraZeneca - Vaxzevria,Beijing CNBG - BBIBP-CorV,Pfizer BioNTech - Comirnaty,SII - Covishield",2021-03-23,4,4495,0.654
Somalia,SOM,EMRO,REPORTING,2022-06-27,3143630,1501795,19.78,9.449,498441,3.136,"AstraZeneca - Vaxzevria,Beijing CNBG - BBIBP-CorV,Bharat - Covaxin,CanSino - Convidecia,Gamaleya - Gam-Covid-Vac,Gamaleya - Sputnik-Light,Janssen - Ad26.COV 2-S,Moderna - Spikevax,Pfizer BioNTech - Comirnaty,SII - Covishield,Sinovac - CoronaVac",2021-03-16,11,,
South Africa,ZAF,AFRO,REPORTING,2022-06-19,36602354,23210571,61.715,39.135,20231258,34.112,"Janssen - Ad26.COV 2-S,Pfizer BioNTech - Comirnaty",2021-02-17,2,3374971,5.691
South Sudan,SSD,AFRO,REPORTING,2022-06-19,1214353,1164135,10.849,10.4,1122087,10.024,"Janssen - Ad26.COV 2-S,SII - Covishield",2021-04-06,2,,
Spain,ESP,EURO,REPORTING,2022-06-12,102053980,41223436,215.6,87.093,37388138,78.99,"AstraZeneca - Vaxzevria,Janssen - Ad26.COV 2-S,Moderna - Spikevax,Pfizer BioNTech - Comirnaty",2020-12-30,4,25241000,53.327
Sri Lanka,LKA,SEARO,REPORTING,2022-06-14,39586599,17073712,184.87,79.734,14523208,67.823,"AstraZeneca - Vaxzevria,Beijing CNBG - BBIBP-CorV,Gamaleya - Gam-Covid-Vac,Moderna - Spikevax,Pfizer BioNTech - Comirnaty,SII - Covishield",2021-01-29,6,7989679,37.312
Sudan,SDN,EMRO,REPORTING,2022-06-27,8179010,3591812,18.653,8.191,1477508,3.37,"AstraZeneca - Vaxzevria,Beijing CNBG - BBIBP-CorV,Bharat - Covaxin,CanSino - Convidecia,Gamaleya - Gam-Covid-Vac,Gamaleya - Sputnik-Light,Janssen - Ad26.COV 2-S,Moderna - Spikevax,Pfizer BioNTech - Comirnaty,SII - Covishield,Sinovac - CoronaVac",2021-03-09,11,50234,0.115
Suriname,SUR,AMRO,REPORTING,2022-06-24,554588,267820,94.538,45.654,237879,40.55,"AstraZeneca - Vaxzevria,Beijing CNBG - BBIBP-CorV,Moderna - Spikevax,Pfizer BioNTech - Comirnaty,SII - Covishield",2021-02-23,5,48889,8.334
Sweden,SWE,EURO,REPORTING,2022-06-12,21925097,7557703,212.3,73.18,7393531,71.59,"AstraZeneca - Vaxzevria,Moderna - Spikevax,Novavax-NUVAXOVID,Pfizer BioNTech - Comirnaty,Unknown Vaccine",2020-12-23,5,5429738,52.575
Switzerland,CHE,EURO,REPORTING,2022-06-19,15570551,6086777,179.9,70.727,5708953,66.337,"Janssen - Ad26.COV 2-S,Moderna - Spikevax,Pfizer BioNTech - Comirnaty",2020-12-23,3,3833646,44.546
Syrian Arab Republic,SYR,EMRO,REPORTING,2022-06-27,4160201,2339783,23.772,13.37,1428511,8.163,"AstraZeneca - Vaxzevria,Beijing CNBG - BBIBP-CorV,Bharat - Covaxin,CanSino - Convidecia,Gamaleya - Gam-Covid-Vac,Gamaleya - Sputnik-Light,Janssen - Ad26.COV 2-S,Moderna - Spikevax,Pfizer BioNTech - Comirnaty,SII - Covishield,Sinovac - CoronaVac",2021-04-01,11,28686,0.164
Tajikistan,TJK,EURO,REPORTING,2022-06-12,13782905,5220731,144.5,54.738,5034819,52.789,"AstraZeneca - Vaxzevria,Gamaleya - Gam-Covid-Vac,Moderna - Spikevax,Pfizer BioNTech - Comirnaty,SII - Covishield,Sinovac - CoronaVac",2021-03-24,6,3527355,36.984
Thailand,THA,SEARO,REPORTING,2022-06-10,137732982,56593893,197.325,81.08,52651472,75.432,"AstraZeneca - Vaxzevria,Beijing CNBG - BBIBP-CorV,Janssen - Ad26.COV 2-S,Moderna - Spikevax,Pfizer BioNTech - Comirnaty,SII - Covishield,SII - Covovax,Sinovac - CoronaVac",2021-02-28,8,28487617,40.813
The United Kingdom,GBR,EURO,REPORTING,2022-06-15,149080378,53547750,219.6,78.677,50082651,73.586,"AstraZeneca - Vaxzevria,Moderna - Spikevax,Pfizer BioNTech - Comirnaty",2020-12-21,3,,
Timor-Leste,TLS,SEARO,REPORTING,2022-06-15,1638158,822666,124.249,62.397,694694,52.69,"AstraZeneca - Vaxzevria,Pfizer BioNTech - Comirnaty,SII - Covishield,Sinovac - CoronaVac",2021-04-07,4,120798,9.162
Togo,TGO,AFRO,REPORTING,2022-06-19,3290821,2092750,39.75,25.279,1557538,18.814,SII - Covishield,2021-03-10,1,87104,1.052
Tokelau,TKL,WPRO,REPORTING,2022-04-21,3538,1339,262.074,99.185,1337,99.037,Pfizer BioNTech - Comirnaty,2021-07-20,1,862,63.852
Tonga,TON,WPRO,REPORTING,2022-04-28,261560,104624,247.467,98.987,97151,91.916,"AstraZeneca - Vaxzevria,Pfizer BioNTech - Comirnaty",2021-04-14,2,59785,56.564
Trinidad and Tobago,TTO,AMRO,REPORTING,2022-06-24,1570458,750975,112.217,53.661,713550,50.987,"AstraZeneca - Vaxzevria,Beijing CNBG - BBIBP-CorV,Janssen - Ad26.COV 2-S,Pfizer BioNTech - Comirnaty,SII - Covishield",2021-02-17,5,163305,11.669
Tunisia,TUN,EMRO,REPORTING,2022-06-27,13192714,5544617,111.627,46.914,4686238,39.651,"AstraZeneca - Vaxzevria,Beijing CNBG - BBIBP-CorV,Bharat - Covaxin,CanSino - Convidecia,Gamaleya - Gam-Covid-Vac,Gamaleya - Sputnik-Light,Janssen - Ad26.COV 2-S,Moderna - Spikevax,Pfizer BioNTech - Comirnaty,Sinovac - CoronaVac",2021-03-13,10,1272091,10.763
Turkey,TUR,EURO,OWID,2022-06-23,147797537,57853512,,69.573,53081826,63.835,"Pfizer BioNTech - Comirnaty, Sinovac - CoronaVac, Turkovac",,3,,
Turkmenistan,TKM,EURO,REPORTING,2022-03-06,7140000,2970000,118.4,49.244,2920000,48.415,"Anhui ZL - Zifivax,AstraZeneca - Vaxzevria,Beijing CNBG - BBIBP-CorV,Gamaleya - Gam-Covid-Vac,RIBSP - QazVac,SRCVB - EpiVacCorona,Unknown Vaccine",2021-02-24,7,1250000,20.726
Turks and Caicos Islands,TCA,AMRO,REPORTING,2022-06-24,69803,31989,180.286,82.62,29963,77.388,Pfizer BioNTech - Comirnaty,2021-01-11,1,7851,20.277
Tuvalu,TUV,WPRO,OWID,2022-04-05,12528,6368,106.242,54.003,6160,52.239,AstraZeneca - AZD1222,,1,,
Uganda,UGA,AFRO,REPORTING,2022-06-19,21490654,16032667,46.983,35.051,10966811,23.976,"Janssen - Ad26.COV 2-S,Moderna - Spikevax,Pfizer BioNTech - Comirnaty,SII - Covishield,Sinovac - CoronaVac",2021-03-10,5,78309,0.171
Ukraine,UKR,EURO,REPORTING,2022-02-27,31668577,15774300,72.4,36.069,15153577,34.65,"AstraZeneca - Vaxzevria,Janssen - Ad26.COV 2-S,Moderna - Spikevax,Pfizer BioNTech - Comirnaty,SII - Covishield,Sinovac - CoronaVac",2021-02-24,6,741197,1.695
United Arab Emirates,ARE,EMRO,REPORTING,2022-06-27,24922054,9991089,251.982,101.018,9792266,99.008,"AstraZeneca - Vaxzevria,Beijing CNBG - BBIBP-CorV,Bharat - Covaxin,CanSino - Convidecia,Gamaleya - Gam-Covid-Vac,Gamaleya - Sputnik-Light,Janssen - Ad26.COV 2-S,Moderna - Spikevax,Pfizer BioNTech - Comirnaty,SII - Covishield,Sinovac - CoronaVac",,11,5138699,51.956
United Republic of Tanzania,TZA,AFRO,REPORTING,2022-06-19,8837371,7588592,14.794,12.704,4079863,6.83,"Beijing CNBG - BBIBP-CorV,Janssen - Ad26.COV 2-S,Pfizer BioNTech - Comirnaty",2021-07-28,3,,
United States of America,USA,AMRO,REPORTING,2022-06-24,585796438,262672183,176.976,79.357,219527809,66.322,"Janssen - Ad26.COV 2-S,Moderna - Spikevax,Pfizer BioNTech - Comirnaty",2020-12-14,3,103467844,31.259
Uruguay,URY,AMRO,REPORTING,2022-06-24,8631982,2996321,248.493,86.257,2885958,83.08,"AstraZeneca - Vaxzevria,Pfizer BioNTech - Comirnaty,Sinovac - CoronaVac",2021-02-27,3,2049888,59.011
Uzbekistan,UZB,EURO,REPORTING,2022-06-19,54871667,19611361,173.2,58.595,15485377,46.268,"Anhui ZL - Zifivax,Gamaleya - Gam-Covid-Vac,Gamaleya - Sputnik-Light,Moderna - Spikevax,Pfizer BioNTech - Comirnaty,SII - Covishield,Sinovac - CoronaVac,Unknown Vaccine",2021-04-28,8,9586944,28.644
Vanuatu,VUT,WPRO,REPORTING,2022-06-19,260304,143339,84.75,46.668,130607,42.523,"AstraZeneca - Vaxzevria,Beijing CNBG - BBIBP-CorV,Janssen - Ad26.COV 2-S",2021-06-02,3,15966,5.198
Venezuela (Bolivarian Republic of),VEN,AMRO,REPORTING,2022-06-24,37860994,22157232,133.145,77.92,14287370,50.244,"Beijing CNBG - BBIBP-CorV,CIGB - CIGB-66,Finlay - Soberana-02,Gamaleya - Gam-Covid-Vac,Gamaleya - Sputnik-Light,Sinovac - CoronaVac",2021-02-22,6,651502,2.291
Viet Nam,VNM,WPRO,REPORTING,2022-06-16,224919933,85334927,231.07,87.668,78143370,80.28,"AstraZeneca - Vaxzevria,Beijing CNBG - BBIBP-CorV,CIGB - CIGB-66,Gamaleya - Gam-Covid-Vac,Moderna - Spikevax,Pfizer BioNTech - Comirnaty",2021-03-08,6,58336865,59.932
Wallis and Futuna,WLF,WPRO,REPORTING,2022-04-14,16426,6592,146.061,58.616,6633,58.981,Moderna - Spikevax,2021-03-19,1,3201,28.463
Yemen,YEM,EMRO,REPORTING,2022-06-27,864544,418344,2.899,1.403,166508,0.558,"AstraZeneca - Vaxzevria,Beijing CNBG - BBIBP-CorV,Bharat - Covaxin,CanSino - Convidecia,Gamaleya - Gam-Covid-Vac,Gamaleya - Sputnik-Light,Janssen - Ad26.COV 2-S,Moderna - Spikevax,Pfizer BioNTech - Comirnaty,SII - Covishield,Sinovac - CoronaVac",2021-04-20,11,80,0
Zambia,ZMB,AFRO,REPORTING,2022-06-19,3750417,4656681,20.4,25.33,2935333,15.967,"Beijing CNBG - BBIBP-CorV,Janssen - Ad26.COV 2-S,SII - Covishield",2021-04-14,3,95513,0.52
Zimbabwe,ZWE,AFRO,REPORTING,2022-06-19,11203072,6243147,75.376,42.005,4566740,30.726,"Beijing CNBG - BBIBP-CorV,Bharat - Covaxin,Gamaleya - Gam-Covid-Vac,Sinovac - CoronaVac",2021-02-18,4,836647,5.629
